5.135815925083135050e-04,6.461397157431855770e-06,8.092650400106126893e-03,1.427884203483779880e-03,4.078000544778528740e-03,1.045353412358549818e-02,9.829174063275101722e-03,1.010824994278843622e-05,6.408044703701871623e-04,8.355067283334467417e-05,1.079772038235711495e-02,7.927475323898536697e-04,2.818202640369703565e-03,8.762985769522653109e-03,6.451585726732336767e-03,1.067972160521501432e-04,2.298232504531402647e-03,4.070352073159038867e-05,5.007366536690257414e-03,2.290965101616731515e-07,5.388733305448359709e-06,2.062028535081425820e-03,5.503901096953470786e-05,1.051159585900682085e-02,3.332492495527121881e-04,6.309434168630340210e-04,3.611625802497287949e-04,4.069620860309506715e-04,1.955434480932495523e-05,2.535633096342991555e-04,4.875057626135136275e-04,1.189085205835051305e-04
9.230009720600562196e-05,2.747964711639339888e-04,3.088653233110985174e-03,3.286588884040242929e-03,4.734082796685165455e-03,8.009699874229617850e-03,1.735670558378293177e-02,1.033841739933545564e-06,1.791998163741227861e-05,2.509001881004970110e-04,3.866651164669220996e-03,8.967414917066841027e-04,2.653373437991408002e-03,4.225236648457688857e-03,1.973520889080848315e-02,1.830723718961816204e-05,3.510944636595135764e-03,2.458209861711378079e-04,1.253421019356320242e-02,8.597005095872416381e-06,2.690174430364089536e-05,1.357384662089026073e-03,1.437976219419737306e-04,4.711618550381336742e-03,3.711048379120347632e-04,1.398984131852781549e-03,1.759395740208348794e-03,5.814921814095066338e-04,1.348935690690747651e-04,8.132530596931523048e-05,4.501131423339638205e-04,5.624897381228425997e-06
5.004299678051675384e-04,5.028171485897387058e-05,9.396469877844131763e-03,1.918146678681663300e-03,4.440933279887745132e-03,1.060715575041065034e-02,1.385903322110665706e-02,1.901239949601457632e-06,7.073770955347317372e-04,7.553636386443218591e-05,1.248969504727476774e-02,1.428424583141062534e-03,4.042859910464457508e-03,1.076666256407185496e-02,1.798815002400445603e-02,3.717064252463254254e-04,3.621108467731260026e-03,1.027170865525023336e-04,6.633378469472232461e-03,3.140718771459056987e-06,4.935490093192556812e-05,3.078041418037250759e-03,7.364500924186964323e-05,1.227441661792941577e-02,4.853209479539243639e-04,1.127315653274598740e-03,7.985620791866287734e-04,6.402298273281634144e-04,7.831015011330728668e-06,4.317514492982029383e-04,1.193789889550821680e-03,1.394486827003834728e-04
1.036660099772752382e-04,8.027004733364456095e-05,9.200023336224055423e-03,5.409261608940902320e-03,9.332658173090825279e-03,1.594164689732146048e-02,3.016273885302758750e-02,2.995453066797249066e-07,1.116307132854399089e-04,4.301493026508402119e-04,1.803823183958315132e-02,6.071538183141386193e-03,8.574570124583227523e-03,1.805709187822637785e-02,3.558880353620359066e-02,4.348810030795020659e-05,5.067423360201021507e-03,1.115643135340166521e-04,1.229402958764845566e-02,4.799403007100067577e-07,2.991389299425261636e-05,2.693155578333877344e-03,3.782113009745897481e-04,1.128665865689880421e-02,6.015972002196151320e-04,1.889881481582495609e-03,2.087315194011272936e-03,1.221431975556366411e-03,1.599007806107502377e-05,8.868135349642551537e-04,2.583910858526949211e-03,1.748277862631588948e-04
6.546276096727899740e-04,9.953894617516681584e-05,1.590148673543166982e-02,2.634659196813859180e-03,1.110399588592112137e-02,2.237036853211397947e-02,5.897152204510887515e-03,4.138823155973975561e-06,1.612278035145672805e-03,2.268701228734699993e-04,3.138593228029800536e-02,1.251756372538584102e-03,7.925228855411275974e-03,2.561800342772199701e-02,2.117902531678865063e-03,1.212882543937180677e-04,5.170562521881773982e-03,1.270461584117322719e-05,1.202023001185707068e-02,2.715476626221645444e-06,1.513046523732547823e-04,5.241049131422445204e-03,2.948383475225345245e-04,1.985599698799993609e-02,9.317659500829733208e-04,1.702690718599002111e-03,1.153886005258905091e-03,1.268614811939050221e-03,8.823123953148919645e-05,6.749683702403978759e-04,1.411778014761728116e-03,3.662900858118438687e-04
5.631509526720942073e-04,9.334008146567568766e-05,8.401735279159313957e-04,4.806965516230221830e-04,3.791257509748460156e-03,2.778556087214233833e-03,7.461532389660130167e-05,1.422525399690168433e-06,1.758323665186153301e-05,3.119927242373875405e-04,2.273492846006152941e-03,6.025928640380566719e-06,4.191592476543035996e-03,7.917131974411698025e-03,7.497668823690891891e-05,8.971138405242211344e-04,9.946500879987915482e-04,2.109470256748426347e-05,5.337766245032691051e-03,5.875566879636488447e-06,1.652354032306215187e-03,1.330833018687349644e-04,2.412905676534667283e-04,4.313837814741635322e-03,1.607414692770573698e-04,8.569581737309958473e-04,4.655408223355812130e-04,3.817452075714077736e-04,1.106392555028449241e-04,2.014028531945809649e-05,1.923257122913102433e-04,2.096435315035598853e-05
1.290068199588546112e-03,8.329773841544917362e-05,1.562106161760394693e-04,9.710277838053468650e-04,2.566896129290424221e-03,7.839440532135301138e-04,3.448761379228310487e-03,1.310012689735731259e-06,2.514739988376378131e-04,8.914286878618717818e-05,1.051721788494261564e-04,3.624134501272727638e-04,4.657439029703570855e-04,3.286280280642699006e-04,6.028760503067211347e-03,1.189002314857248331e-03,4.901883520310659629e-05,7.451498038389476523e-05,4.531674031209303880e-04,1.087551991526172198e-05,8.888763824450682412e-05,6.791579192770324017e-05,6.961546212020796199e-05,1.273935343646591129e-03,1.352953769030768212e-05,4.400171077834384367e-04,5.236344377357388591e-04,1.116827545166537651e-04,2.218962864906677348e-05,3.018097554188293069e-06,5.749607246105421934e-05,1.939385044799689199e-05
2.292728045753058441e-05,3.855641438462257127e-05,3.990833358441797998e-03,1.089010822709149222e-02,5.933250685177751498e-03,9.447596350745005034e-03,1.797823691432609561e-01,6.271764967170296720e-07,1.143269992528766539e-04,2.106479397225827124e-04,8.518092426461971317e-03,2.477455147552149947e-02,3.469550466494036173e-03,9.999984651675735900e-03,2.748294106272600734e-01,4.997620468898292083e-04,2.207959308115172489e-03,5.296123930679802071e-05,3.165087055578242551e-03,1.528932678809432566e-06,6.291821452934423819e-06,3.425397948400655049e-04,2.045540143916029473e-04,2.220030259616380484e-03,1.359378742736620208e-04,1.980899991670842172e-03,3.503984284201443547e-03,5.302796698739953947e-04,1.116595414084781585e-04,2.512453163290837010e-03,6.787346959504260424e-03,4.524645460706066711e-04
6.132221493221756551e-05,1.764240082682208961e-05,7.356056009151532916e-05,3.702710994849045057e-04,3.297087956429061416e-05,1.557194040142572018e-03,5.714779439587899801e-02,7.514184448115505335e-07,3.010704052190095066e-05,4.321585901304635574e-05,1.347911712681247815e-04,4.038767672585596991e-03,2.368671670604978010e-05,5.017438255053324097e-05,6.544566763231052242e-02,5.700570106951759804e-04,6.009869699099420429e-04,5.565822557647033937e-05,4.661305626085631249e-06,1.775941296657851152e-08,1.944982579523832731e-06,2.816353661634405341e-05,2.650178530492466113e-05,5.674279183986149228e-06,2.369270145510307211e-06,3.117517787865807061e-05,1.533345908209197007e-04,7.535677312260697664e-06,6.242904065010485893e-05,3.535564459781413943e-04,1.492253973875559757e-04,7.048955105736171437e-06
2.308683923054231316e-04,1.055166459179607708e-04,3.803548154036466220e-03,1.383214626616789678e-02,6.606020496280997842e-03,6.323535456941817637e-03,2.980398449465141222e-02,1.133084643835330644e-06,1.817748739573677905e-04,1.059533014944368179e-04,1.037561917488982050e-02,2.687850067823627578e-02,7.336595701758129480e-03,1.431851701086334777e-02,6.497989963916020462e-02,7.326123218724051584e-06,1.559975572692683761e-03,1.516680865235025405e-04,2.891259184093026603e-03,6.586540007482727599e-07,2.057407099270454733e-04,5.444960994057598813e-04,5.588827650837514729e-05,1.940112571708762709e-03,3.676791019278177362e-04,2.537834896571557110e-03,3.830210511323797230e-03,9.899217379015182606e-04,1.395666859724397247e-04,3.411658332103130291e-03,1.126730640570479218e-02,9.415467436285940598e-04
2.026562311285677609e-04,1.275038744414511897e-04,1.117564895057132938e-03,3.251282540889603809e-03,7.963535325363201326e-04,2.377823702494902790e-03,7.497042698370373626e-02,1.691178824964044040e-06,5.004252205164619501e-04,3.671368816588930313e-05,1.383010931870982127e-03,8.689446858964007536e-03,2.123600495616473870e-03,2.014771394889704106e-03,1.490756309987929518e-01,1.957700814879468742e-04,8.383452471496176091e-04,5.371413907180708387e-05,8.406700293929316239e-04,3.302299572576404392e-07,1.527865376600483704e-04,3.356879630724899613e-04,1.044593242658006771e-04,1.338771981526257508e-03,6.430845512416250031e-05,4.829971953734386023e-04,9.386178629376733468e-04,1.729649100301226892e-04,8.145713238009092804e-05,2.594164194802303343e-04,1.197555405892712557e-03,4.195744996212293217e-05
4.287941466672338876e-04,5.417451798185201792e-05,7.726333066170383568e-03,9.952178830271629553e-04,3.798828392882215230e-03,9.125683764142338700e-03,8.063193721471665146e-03,2.056459824714109420e-06,5.376619534865185145e-04,4.038594527333324826e-05,1.212779967651410849e-02,8.041252082149219103e-04,3.244775730602003899e-03,1.140514404526377784e-02,6.396666292964287015e-03,2.332640845476153296e-05,1.782690681736756860e-03,3.989743660096998487e-05,4.975020594180454975e-03,3.542999550173096752e-06,6.295603923417947506e-05,1.708617772931380306e-03,4.822362125862667145e-05,8.379540905501348808e-03,4.297051817876354615e-04,6.870765432635932970e-04,2.931159007844008342e-04,5.152504626158230109e-04,5.018592596200814084e-06,2.111005741283783108e-04,6.891017969108658705e-04,7.774291475457757543e-05
2.325391467884101596e-05,4.720730790907670758e-04,9.043819638774071431e-04,4.380272463215408030e-03,1.316999482215468632e-03,2.733117207696525528e-03,1.034369992017422357e-01,1.498018573287065465e-05,9.033667774041623493e-05,1.957447293647808940e-04,3.291196290665473166e-03,1.458086955088899912e-02,9.154691712401123943e-04,3.289549645668961558e-03,1.384618256148751891e-01,4.056905082181979267e-05,3.953915042864842438e-04,1.453183675211957074e-04,4.799080555941559879e-04,5.557092177360618787e-06,1.818969702660698485e-04,1.032408461505907504e-04,1.965839212166775509e-04,8.609915062270397492e-04,6.558661860534369070e-06,2.602406666161788851e-04,4.668004484958415017e-04,7.037545612916063583e-05,1.598458828481860077e-04,8.999374670327331925e-04,2.809348761935391223e-03,6.991699556495817672e-05
7.055704500400110987e-04,1.410816323619270229e-04,4.620760989947036415e-05,4.829815152692653007e-04,9.760137281071272920e-04,1.004828886105999295e-04,1.645927913788581279e-05,1.057884237535372215e-06,1.336176203832569647e-03,1.719896895052865212e-04,2.216627934138479540e-05,3.271283123051419686e-05,1.706787169569620255e-03,9.236567997994112912e-04,1.482646927812826738e-04,1.945612358896309853e-04,2.993672106069895865e-05,4.559283723031271323e-05,1.512278568337600652e-04,6.840167443589491647e-07,3.432023178153045351e-04,2.343556687208614222e-05,1.724645408108416329e-04,2.474346999391256982e-05,2.378519508703668775e-05,7.110655642538518499e-05,9.167300202981175838e-05,3.181211025192780592e-05,3.972862952433892433e-05,6.820240699541278999e-05,7.878464044008644447e-05,5.592326195278234124e-05
1.624807992732475465e-03,1.752972728656525573e-04,1.481677487480778004e-04,3.202918521545172520e-04,3.358460526990109715e-03,5.611935626923883220e-04,2.068271843637003895e-04,9.184617243541553998e-06,8.002232753318853226e-03,1.184088711527693126e-03,2.297981177679931091e-04,3.902733816876224351e-04,9.517155690035658186e-03,6.093266848115153587e-03,1.209403898000811740e-04,7.070418599604772543e-05,1.992435432974735954e-04,1.025738827216904564e-04,4.488179359114923580e-04,1.790586649191486848e-07,5.233842631027856302e-06,2.134355439604736075e-04,5.213852666188764683e-04,4.859768252841396353e-04,1.046335561286318059e-04,2.630471798430752506e-04,3.833042634591376997e-04,1.640447837408254836e-04,1.754664227823871147e-07,7.386019711465780836e-05,2.540218123178389158e-04,2.201172623822480697e-05
2.057354168297696479e-03,7.508534793997346472e-04,3.513054204094724647e-05,2.350877162345883830e-04,2.369270074625532026e-03,9.028920769541162305e-04,4.213472652977704087e-05,2.850313394375359409e-06,4.792707719437183655e-03,1.132073352795514741e-03,3.345968533006155976e-05,2.827139544784815781e-04,7.913138057507127648e-03,7.212910979404804114e-03,6.665458181225955982e-05,6.130451448788143724e-05,8.092221717382237518e-04,6.241404050672944015e-04,2.067233877958226870e-03,8.258280733676403323e-07,5.317394000692751655e-04,2.905221917951618296e-03,2.351065575549245200e-04,4.863622692731924511e-03,3.075550882879602137e-04,5.267601750474580060e-04,3.437404665242910261e-04,3.638643313133778671e-04,3.391765350774239986e-04,4.155550580594908781e-04,7.092230225171870447e-04,4.389293958347040021e-04
1.455584075046282124e-03,2.979306068094346384e-04,2.586873427510439353e-05,5.483392403305727266e-04,1.462071154686637965e-03,4.960439333577734960e-04,1.662693863598126021e-05,3.382207984503005058e-07,3.958452246420694938e-03,7.339725306294145931e-04,2.144686427216697705e-04,9.531772065169317413e-04,4.515028474309818775e-03,3.016868438452753078e-03,6.965466631385231334e-05,3.647962887141566946e-06,8.791864868691058035e-04,1.682517830298536432e-04,2.036727301072031784e-03,9.481147522765867674e-07,4.149388929378547240e-05,7.103037632786630582e-04,3.609296453432037479e-04,2.544132469546611826e-03,1.343874909330699120e-04,3.052192959170414873e-04,2.496771152602323090e-04,2.021640318580131463e-04,5.886682691528841529e-05,3.533218793762861725e-04,9.398394709101778616e-04,1.184177569904270899e-04
2.464964995558692820e-03,7.780184391081327797e-04,2.640328387885093348e-04,5.260798928138147841e-04,1.669662675458448865e-03,1.766210393202282411e-04,8.605486093449685680e-05,1.188002145480541385e-05,9.070444033012358895e-03,1.730256262031319497e-03,1.725599983027427712e-04,5.071985393166028155e-04,1.209122163185726018e-02,9.376579757410982360e-03,3.487915416127476540e-05,2.345987690155162844e-04,1.890900203053884300e-03,4.624903358513909944e-04,3.046493644411822459e-03,1.030909947342839983e-05,3.084564701285087977e-04,5.966129674970940822e-03,2.014025901538358415e-04,1.282808189827312415e-02,3.065045714060797111e-04,9.390056571732298147e-04,7.221044946958449402e-04,4.771203279443006614e-04,6.876454286713715592e-05,3.190743205666270372e-04,6.315358258468076235e-04,1.718859891906929921e-04
3.409601464545298339e-04,1.944546204154475510e-04,9.980196239667496884e-05,1.214724590862524306e-04,6.084632534276632459e-04,1.804176749991940893e-04,1.790596281156834561e-05,5.933683226412895919e-06,6.318074296487324621e-05,5.196197701250311970e-05,1.762505433870745957e-04,2.287385676594946913e-05,2.298351225583073723e-04,3.092165219019262596e-04,2.934645379862641608e-04,1.150524926388189756e-04,4.349137894760375374e-04,2.747137378966279121e-04,7.656235016371566162e-04,1.207802374335314124e-05,9.190894641085233093e-04,1.843243683290032029e-03,4.965061841197051113e-05,3.292966957958666421e-03,2.200772420459083209e-05,7.972297861636691780e-05,2.155092939770835749e-04,5.570379315551823174e-05,2.050750257286901312e-04,4.387135154431052162e-05,1.922785476075481177e-05,1.203260851445783178e-04
2.181736753712336288e-04,2.373487123959561147e-05,2.399291935513634939e-04,3.090626361308513128e-04,5.026655237998473269e-05,7.012167976258758327e-05,4.556539783163261531e-05,5.602834464826712241e-06,1.383940081059084962e-03,1.109702952665580735e-04,8.291658944554409211e-06,9.900169383316359453e-05,1.555161402364119670e-03,8.239683567786067761e-04,4.921076298481124505e-04,9.516913338378049810e-05,4.680197293368950967e-04,4.432937232198785014e-04,1.947097216460812229e-03,1.158855292932808014e-06,1.095440409261568037e-03,4.900496214820210077e-03,1.465741462847786254e-04,1.044940104452412449e-02,3.155408301056768553e-04,8.038490591514503743e-04,6.904638088570538108e-04,4.026642651375653375e-04,1.923218942877503697e-04,1.372973650035587737e-04,1.341683096892142891e-04,1.446650398855548315e-04
1.762776470488073167e-03,4.303245880466251695e-04,1.314550203185050751e-05,2.367070411666151358e-05,2.548856305868698376e-03,1.209929814427550135e-03,1.614995582675723138e-04,6.348710591581682800e-06,1.160303458459643845e-03,2.694047975658456131e-04,4.027368135136172029e-04,4.388474989063473818e-05,1.260429029479074974e-03,7.097503537328662265e-04,6.135402530442466730e-04,5.173991351913469384e-05,3.906421949122497022e-05,4.750257191336962901e-04,4.502065436684392667e-05,1.405885221242601062e-06,2.385053488283308388e-05,8.692366031416176879e-05,1.151824523402728137e-03,1.936801840973262259e-04,9.473465613899287788e-06,1.735910684133406989e-05,4.584724959435369269e-05,2.188199036093694852e-05,3.612050386397188745e-05,2.667686560875386789e-05,1.029221002089779986e-04,5.256076782764219607e-06
1.337842608333607341e-04,6.304573511399128938e-04,6.344101655765525222e-06,6.888743682272673269e-05,9.989510056321956758e-05,2.090859369060125850e-05,2.287075614051334451e-05,5.352431014007111527e-06,5.121174681672585984e-05,6.115515971066172159e-05,1.191810126376136859e-05,3.608594067691224360e-05,2.485040290484255009e-05,1.144143413312598257e-04,3.105369145019186731e-04,5.177670455898211347e-05,1.028391496307530826e-04,2.494800522352536151e-04,1.441753867704819283e-04,7.697795420976308517e-07,5.567470712366298500e-05,5.238873128181364188e-05,7.936121372609185234e-05,4.924501433143576445e-05,2.911734705056783827e-05,8.145701864670817677e-06,2.328634131591207765e-05,1.829267163568508016e-05,3.681190658284814364e-05,7.010993241951630150e-05,1.475738525019112317e-04,6.752163445041027838e-05
9.867412410966469507e-04,1.556845144581356334e-04,1.053253527834464735e-05,7.035654042214398119e-05,1.438844613662394224e-03,5.264421981641648858e-04,2.252179396099689615e-05,2.861143572293449585e-06,9.069408160273613115e-04,2.841240722954885170e-04,3.197622554746454862e-05,1.301101195759755990e-04,2.060900878696922140e-03,3.318500873457958140e-03,2.526438589034191856e-05,4.310958774613914206e-05,3.781087137414226732e-05,5.539086332766613449e-04,6.649358069297329385e-06,5.509278693008591906e-07,3.556234043108588218e-06,1.031360683241817715e-04,7.389189644316359815e-04,8.059414950568338657e-04,2.231202178468664666e-05,6.196950124892035684e-05,1.893959373836317606e-04,6.580473441600249518e-05,2.399029295679890787e-05,2.432304800543612670e-04,3.678555072782797603e-04,7.062861577620563552e-05
5.208120825810789653e-04,7.301061773851170176e-04,2.046035617563815709e-04,3.770702034100792058e-05,1.634610242711463874e-03,5.362978529378420239e-04,7.707121229634408648e-05,2.392791384052989987e-05,3.963354538373937107e-04,3.073964931848079704e-04,1.353181464055659418e-04,1.811427354378612259e-05,1.500344491694809677e-03,1.119197922192826820e-03,1.754157582935781843e-04,2.424474089185701389e-05,5.068776117408375911e-06,5.646908789986783851e-04,2.502662493258030443e-05,1.961263731972258730e-06,5.051600799824683565e-05,1.363286972539130945e-05,2.853809183141244586e-04,1.246562626277633752e-04,2.322890214362023257e-05,3.321041852385163157e-05,4.096270642420071675e-05,5.555359765582133905e-05,1.094362271342431227e-04,5.084829887188605966e-05,9.758878945752856636e-05,1.334425486280616012e-04
3.034687835773937793e-03,3.158865839298832107e-04,4.360135716924618313e-04,7.784811068536217921e-04,8.751532219663354364e-04,2.173425954165684874e-04,2.016707036416817507e-05,3.075788204028265316e-06,8.188507048672941796e-03,1.234913140943675594e-03,9.343469163092054481e-05,1.092681723425168155e-03,1.249372098166779896e-02,1.124770923231738044e-02,2.364807953730513963e-04,1.313519599445247318e-04,1.033624821479280781e-03,4.701960486552255554e-04,3.785771488104805980e-03,6.184195475489879399e-07,8.425359109623515013e-04,6.278517277472407850e-03,8.689780264297190771e-05,1.212307451639758546e-02,2.995374235654322962e-04,1.245322872603085154e-03,1.198476143882206899e-03,6.215019250291816148e-04,1.013226852870922396e-04,5.782896736768645702e-04,8.786317373937527729e-04,2.496256327629785797e-04
2.296223267254288755e-04,3.149997391617587617e-04,3.517080232014261872e-05,2.009594027903145958e-04,7.332686419329553871e-04,3.749531501198402508e-04,1.163738026860003957e-05,1.520919307690161351e-06,4.186954943954178496e-04,1.958264223783539367e-04,6.102261757317224765e-05,3.937081677714159873e-05,8.859915348206029873e-04,1.009284490001645862e-03,5.687370302245441534e-04,4.736616385833837161e-06,1.555273324460817482e-05,3.526263644335860458e-04,2.278850572841037818e-05,5.720372377144079844e-07,9.985339271497153078e-04,1.162209081330005432e-03,6.262775787326151696e-04,5.093857761373090471e-04,1.225380156772468557e-05,8.559525948379071954e-05,3.373507794967409048e-04,2.751988207304538171e-05,3.868021559700008044e-05,6.047004372108943406e-05,3.595607242692062749e-05,4.537063640781095888e-05
3.644159352391723473e-05,2.050739191291719760e-05,5.547474613910473637e-05,4.542634559810542632e-05,1.434567868543348661e-04,1.465610513692220220e-04,3.946107664178554950e-04,1.005424765110400021e+00,1.156194551485832027e-04,4.999307429212567459e-05,1.576875725549878061e-05,1.036351174390147639e-04,6.937656479055173729e-05,3.207615267202052095e-06,4.286657460077142323e-03,5.439766108479590179e-05,3.980288976096643628e-04,4.590948660140270975e-05,1.204748144943436003e-03,1.079859081195520759e-06,1.729320730133911471e-05,1.203143876847980831e-04,1.937526628168257959e-05,9.597152670980205495e-05,3.586067658029295623e-05,1.623564524489546740e-05,4.471660596605613839e-05,2.345883295692791388e-05,7.004840610630290064e-05,5.959724943828966328e-05,1.387538068576691969e-04,1.246924729789200320e-04
1.070330485301239278e-03,7.075222465420163010e-05,2.076512623992888152e-04,1.236391263830052844e-04,9.432421583668766391e-04,2.611574339986391983e-04,3.277170412983178639e-06,2.726509222408780070e-06,2.832856442199192977e-03,9.101351506818274343e-04,6.558435338173404039e-04,1.726804995467111326e-04,4.416953635013107574e-03,4.890617935607697100e-03,9.180635353559098806e-05,1.623857695209254818e-06,8.889137897618210092e-05,9.011130903557812509e-05,2.173347384144896794e-05,1.103858881442432383e+00,1.099687826588103618e-04,5.595838528285290546e-05,3.940239478073544297e-04,1.184185406245469102e-04,6.211277551471706428e-05,4.049107992180160789e-05,5.162267618085073363e-05,5.230390262041799437e-05,6.132141565061257954e-05,1.206802601546578700e-04,2.764437264901778261e-04,3.930055805033692465e-05
1.119192779226856407e-03,1.599309187070419686e-04,6.586885308124434176e-04,3.929230249506540564e-04,4.467959947368980978e-04,2.648824799168901731e-05,1.854212059028954678e-04,6.247782447562413030e-06,7.009057024815690479e-04,1.703345776293190364e-04,2.276456026495446135e-04,4.243557239602892039e-05,2.982533861878483683e-05,1.120618471326813959e-04,1.229581233513727659e-03,1.249092429213533400e-06,3.836887727549110347e-04,2.962296238587050511e-04,1.521685002729534098e-03,1.235480101190023999e-06,6.043241848578378685e-05,3.831392928791444233e-03,2.209665065689012044e-04,8.168371634484425728e-03,7.796862792994284765e-05,1.263237962279153775e-04,9.876421836908131312e-05,1.118734739546313646e-04,6.226716353535275902e-05,2.691278583646429341e-05,8.290705530281729544e-05,1.925929249461028520e-05
4.198814521469936695e-02,1.985232370168318883e-01,2.343105524443566401e-01,4.468534772034739588e-01,4.173146993710499242e-01,4.503691137526839583e-01,5.403511811291680234e-01,3.557480223529513089e-06,5.349914796783802329e-01,5.303533651563904217e-01,7.451623066568885401e-02,1.490180746716588955e-01,4.834911211236442852e-01,2.004658869492690065e-01,1.483763346707846383e-02,1.815009749501602515e-02,1.353525841243307937e-01,1.852339604732917422e-01,3.302985697604694515e-01,5.674184073147127885e-06,4.693402161699218311e-01,4.704189144137669309e-01,5.356825084021706873e-01,2.895634343011123657e-01,8.839726967814884873e-01,7.076290735910670815e-01,9.081746821719463569e-02,8.937567758475887247e-01,1.384687859032990576e-01,1.425518891444570446e-01,1.139152500872185891e-01,1.500120674564053846e-01
8.006391640326962489e-02,8.778869232420180579e-02,5.077970413468925991e-03,1.287059474522233779e-02,7.955519882297751311e-02,1.423493399965534978e-02,1.391929508055723790e-02,8.428785343410984164e-06,4.026742572824004024e-02,1.112566434667481251e-02,3.083500646179502258e-01,2.389997374203451375e-01,3.135795640046708244e-02,1.515394658014285467e-01,1.897392601777223298e-01,9.372612033441474200e-02,9.940848867691405577e-02,8.740563592872306609e-02,5.983739282583387664e-02,1.389434812286270303e-05,3.470692738427776786e-02,2.066162392933009340e-03,1.069878161918749911e-02,3.379471905198908055e-02,5.249520881790159695e-03,1.228588178615454100e-02,1.117313253929549596e-02,8.164294040864302285e-03,5.011884516078125573e-01,4.705171641928910242e-01,3.464105977529849945e-01,4.996509220461946010e-01
8.671149340641509423e-06,1.193795200355921914e-05,6.938338999075827063e-05,7.230423393571243991e-05,1.550221478423928495e-05,7.095805759923533881e-05,4.323868350551109867e-04,2.303008687424933641e-06,1.865497872157836204e-05,2.028658120923602806e-05,2.543284678683566959e-04,1.577779777769129602e-06,1.722717123748747651e-05,3.364026932465404636e-05,3.724681965207550039e-04,2.028867071684650573e-04,1.375539941445680173e-05,1.069276783551647935e-04,1.348243379346766835e-04,1.006323308654056458e-06,1.026422158710362980e-05,5.128451651647637153e-05,4.172316183741838527e-05,4.335155895630342149e-05,2.174983711310776965e-05,5.837906927489130900e-06,1.860502259871457879e-05,7.689987480229829226e-06,7.256152163792325765e-05,1.894662095317685549e-05,4.785619005552858347e-05,5.569852979679979529e-05
7.733846664777882282e-06,1.026344997278125747e-03,4.091791259801620055e-05,1.977342543658806818e-04,1.570816631303901677e-04,1.516383594704133974e-04,6.076479572699680241e-05,7.113031049843133838e-07,2.694546555870577027e-04,2.833971018872022450e-05,6.043844957911655608e-05,1.035285150806913038e-04,9.447227526618361213e-05,1.789584930749311555e-05,3.073533880463618175e-04,2.203154919584661160e-03,3.104587859751261301e-05,1.525564929468901454e-03,1.568677733823436136e-04,4.957382099557560002e-06,1.027789693974378893e-04,2.152325312491948988e-05,1.858724515061369877e-04,1.794878772496950978e-04,4.213577123721441051e-07,3.987647922049282636e-05,7.540673873323182938e-05,2.808342428589187257e-06,1.842664225289135642e-04,2.086402594648390266e-04,6.819631888659933227e-05,1.687100279348731672e-04
8.739352486380008028e-03,2.476586809505187253e-02,1.666935056184354336e-02,2.639498118152986406e-01,1.002006387256964594e-02,1.453671384153633513e-02,2.984526199918088527e-02,9.452408413309712346e-07,3.448344932803153878e-02,4.230959424980051953e-02,1.529655103224945075e-03,1.067688168525147974e-02,3.748284969995602928e-02,1.703764241816218064e-02,1.662909059525602938e-03,3.704868476053126657e-03,7.772147883940082672e-03,2.353061110715362267e-02,1.774341226393550200e-02,6.579251402948312199e-06,1.739040259978904754e-02,9.764420915060571804e-03,3.840000149867884432e-02,6.346389688457892714e-04,8.559852629846310956e-02,6.252690089597119638e-02,5.800311376071244363e-01,1.792530359362791079e-02,1.563520431869874772e-02,1.275461535825894895e-02,8.691996266803331608e-03,1.539154357548043126e-02
1.106239629208948666e-02,3.805124458979353835e-02,8.358336536384698115e-05,1.340989618709931275e-03,1.641769404598919166e-02,3.695778985186602261e-03,3.882439448651743585e-04,6.757191963142235082e-07,3.631995880564041490e-02,4.129315994665524320e-02,3.425322648175910256e-03,1.823472754714181021e-02,2.930010501619564195e-02,1.515203360709578041e-02,7.087006762147310720e-06,1.276580492284921410e-02,1.399724538486743150e-02,4.047696715026567055e-02,6.064488596205040022e-03,1.762072001681989009e-06,3.335853114443355916e-02,2.807480179084379662e-02,3.900283238307074990e-02,9.017056820459307120e-02,6.050828712813075775e-04,2.415217629823422901e-03,2.801116515738272163e-03,1.245784830835496753e-03,2.099938189278535011e-02,1.767265958648765733e-02,1.120358394053431322e-02,2.108171981224329569e-02
5.789497492608246254e-02,8.461987508943681624e-02,4.793834959300437987e-03,1.030580150688751619e-02,4.362877526200335809e-02,4.969744334125398254e-03,9.681239289686600132e-04,1.934688523133078469e-06,1.996827805266642233e-02,4.179476103096505663e-02,1.291555092792589371e-02,1.636889407684645817e-02,6.465011307090277361e-03,4.082299329707099358e-04,1.434976634660915969e-03,2.094411237532597600e-02,1.070106504890128429e-01,8.276886265361617367e-02,1.780729138087803198e-01,1.120871621350340246e-06,1.218046453327378993e-02,9.355321561705168265e-03,4.061514634333158319e-02,2.082520268967749579e-03,5.298918281424339245e-03,1.254791353292459069e-02,9.774174442320576056e-03,8.259107826364226954e-03,4.757318482830819040e-02,2.375139753514205268e-02,6.301076270816430118e-03,3.532271417362262134e-02
3.690853169004308654e-02,9.090101613335584141e-02,2.445753171138305773e-02,1.566059469753952327e-01,6.613273840672628107e-03,6.663725255765262818e-03,8.954572264865625145e-03,5.283328251328186281e-06,6.557267962089523283e-02,8.271015564769440553e-02,7.348442979768638784e-03,3.649522071774793930e-02,5.057676077961905520e-02,2.232000358399591905e-02,1.713247926006200312e-03,2.735551504736603162e-02,2.448436924403447554e-02,9.379863918900101238e-02,9.633912516994535408e-03,3.548169395977427439e-07,5.537869352834096093e-02,3.612748786277900775e-02,8.434425998800711144e-02,9.615213712767106680e-03,5.086813644504765280e-02,7.978174002216287253e-02,7.149764061751096023e-02,6.242860057178377386e-02,6.878495309763899002e-02,3.774167213237462210e-02,1.549208594656017145e-02,5.758175537066757138e-02
8.500579268525870758e-02,1.755923726249992434e-01,6.679230146254835042e-03,2.603439507907694822e-02,7.663336574043248806e-02,2.029309667785922713e-02,7.220976272982367224e-03,8.030360661592323085e-06,5.237702738000181435e-02,8.516508399193267742e-02,6.945138268050725372e-02,4.039560569361105857e-01,6.016221987797619290e-03,9.367233842496882137e-03,7.800904722771348498e-02,1.191285481911337485e-01,1.099777785668130531e-01,1.708195823148078718e-01,5.471647412608891814e-02,1.702037906165813092e-06,4.454349552283782404e-02,3.581244553604994579e-02,8.616670100444699665e-02,8.584124576076242533e-03,1.292672146649364792e-02,2.654598953341647666e-02,1.618116619160872571e-02,1.963201975253594730e-02,2.609372616375144754e-02,2.399755683225797687e-01,5.518040666009006445e-01,9.189302090089217223e-02
1.142463942076974853e-01,3.174113795896651991e-01,4.929675205063976766e-03,2.632493974233794318e-02,1.160189851447427783e-01,1.948622316076123809e-02,2.530853652419563261e-03,7.030821711259467547e-06,2.315944744723084092e-01,3.091276158835845056e-01,3.511788437054774725e-02,1.330935015844276204e-01,1.999862446271065963e-01,1.100545645519507842e-01,8.674494347793855822e-03,1.121586799498489329e-01,1.501002299795967665e-01,3.214421378269490814e-01,1.199192700325777822e-01,1.453846314670318827e-06,2.192002646004279631e-01,1.659187618203895043e-01,3.038440234161076670e-01,8.248017920451193585e-02,1.252142942187691073e-02,3.033550200512751677e-02,2.412980155063962351e-02,2.005385713915901549e-02,2.068983236450204766e-01,1.213547333298738984e-01,6.229194388975659719e-02,1.743392673762549916e-01
8.636487186652453893e-03,2.707995837045995211e-02,1.338227836434455545e-02,1.605948275545782122e-01,7.423420376233194791e-03,1.188506844013004736e-02,6.350683071387711043e-02,6.450921186474004850e-07,3.022016433283973916e-02,4.061459114338561438e-02,1.974103345668008162e-03,1.573311658658184051e-02,3.445171853560399094e-02,1.430841359006130090e-02,1.094010402567694535e-03,4.595132565913981511e-03,3.825201917994947281e-03,2.643589838757222019e-02,8.620516938903793197e-03,2.609665289272371020e-06,2.379013690099071252e-02,1.338110376730352984e-02,4.194486092125390003e-02,4.371454364948022743e-04,7.176196248908241204e-02,5.541908910085802803e-02,3.908955059068254245e-01,2.386314453648668774e-02,2.197736555521275642e-02,1.418664797323998701e-02,8.632777196431911867e-03,1.940303567693632547e-02
1.222412963274620984e-01,2.268769456622657388e-02,3.393991245040532401e-01,1.730137129297277740e-02,8.737914948293212802e-02,2.907564721323653290e-01,2.243102827094302712e-02,9.278434918942637943e-02,2.715332900984887207e-02,3.250646389974921197e-02,4.292328026016216380e-02,2.792535557844613020e-02,9.300577592873092436e-02,1.130014198723646446e-01,8.125067641945114827e-02,4.150854115553154894e-02,4.531736291274689882e-02,1.793904081551262603e-02,3.756655475307599940e-02,3.301480914861817679e-03,5.742184199825404317e-02,8.983723044523809001e-03,3.502112031741375087e-02,4.573410677920622391e-02,4.470451297575124550e-03,1.172573324433468824e-02,1.300768606932769383e-02,6.476708691995054432e-03,1.766914467916410811e-02,2.072001402291714228e-02,1.988107563068932868e-02,1.856895090108005505e-02
2.837275471285217229e-03,1.125650296530029222e-03,3.349083105188915642e-05,9.679886389543742491e-04,5.822025665994327165e-03,1.915477975285475925e-03,2.600650488839566406e-04,2.865371592279778872e-05,2.138559248548397088e-03,1.794198844932502594e-04,2.340626615863908213e-03,1.281483776110778653e-03,9.757214697551050073e-03,1.174869048823706623e-02,2.199293471012374671e-03,6.935110602978117322e-02,8.791925536168055180e-03,1.435491914283427506e-03,5.220268754483820689e-02,8.684698972736266780e-04,6.570482819054997148e-02,1.182209104293770324e-01,1.248824295426294263e-04,1.668156905802659074e-01,7.140654802691795433e-05,8.907820171526083372e-04,2.271817095383334671e-03,2.197782986963824699e-04,3.330895735036325050e-04,8.632388594051807048e-04,1.109182614671194809e-03,5.744373439173875318e-04
8.457954441376012295e-03,6.708479307122253675e-03,1.552180001324335659e-02,1.022904456203675358e-02,5.790334800354596939e-02,5.272214706757866881e-02,2.237850376434515065e-02,5.741489075949497353e-03,9.786446222845020942e-03,5.548255036383538744e-03,1.404271352325896227e-01,4.296457270148709012e-03,4.632327326225264136e-02,1.281641945771574975e-01,2.448431812752990128e-02,2.452679613847564416e-02,4.294881282623747021e-02,5.635917684818008561e-03,5.155684897170108999e-02,7.034122398760788569e-03,1.459566316949532927e-02,1.191857597442146643e-01,6.451171941823746932e-03,3.744787799096611636e-01,2.365268384222425375e-03,6.799267394550536671e-03,6.769937118628932375e-03,4.011020417933427139e-03,1.888510164565648363e-03,5.387542181232649052e-03,7.717101562095711638e-03,3.687403770721897883e-03
1.330626563733360718e-02,7.059329371969334278e-03,3.955705137512714872e-05,4.592843639873654378e-04,1.798898938819012971e-02,6.067504995946709258e-03,2.715703309376851370e-04,8.327577600386827834e-06,1.113469957833848611e-02,6.057547399109459822e-03,1.278165170208479806e-01,2.786589256927920685e-02,1.571365116115164620e-02,7.100638561039053498e-02,1.312907376863277353e-01,9.646464622326116414e-03,1.382661855711994278e-02,7.388709576822556115e-03,8.869001825144393406e-03,1.599262019627674979e-06,1.215216390747269823e-02,1.042354249433618402e-03,6.618178022857771833e-03,1.443813576240447066e-02,6.796263371099784561e-05,4.849429037775158588e-04,1.261815723778501657e-03,1.572193079267734624e-04,4.364097089170813036e-03,8.600647738282719140e-03,1.054179144049582212e-02,6.673946358561695137e-03
4.989438016763046435e-01,4.017610060737361599e-02,3.360998317202358865e-01,3.600821656215126218e-03,4.958804224239715674e-02,6.435558281292060034e-02,4.592906764501043099e-03,2.303545141575820410e-02,1.545987442217691514e-02,1.567608715960153967e-04,1.296198079661268210e-01,2.275110488426829256e-03,1.466522057588348985e-02,7.059037091180196677e-02,1.362787542492825037e-03,4.334767621088434497e-01,2.705991585086702789e-01,4.203893291196001553e-02,5.778921320689976715e-02,2.462125804074274948e-03,3.681117210715889598e-02,1.330128223099018986e-02,3.626152102304972327e-04,1.134328774316913850e-04,1.146052587553076339e-03,5.542877124848057981e-03,6.441180834166763784e-03,2.676148592757304333e-03,2.611121909876540012e-02,2.950287290981427977e-03,1.125568358095865645e-03,1.174183482477720621e-02
7.855998624190245385e-04,2.492069067651470779e-05,1.880552070838066277e-03,1.539986566976435552e-04,4.180719341063816028e-04,1.367423274044280096e-03,3.605641950184705689e-04,2.604043294858854568e-04,3.801896913652912796e-02,2.563214601276779525e-03,7.015551311761483722e-02,8.617796306050840442e-06,1.948567580099002262e-03,6.584169164050969816e-03,5.831346493918158382e-04,3.191253776163966230e-03,4.849793903997569214e-04,9.371560905609458989e-06,1.494140454528184597e-04,2.718275280916283810e-05,3.062468902047468799e-02,2.088174210505649997e-02,3.039936952818755346e-03,2.187236836725796676e-03,1.572455877723403440e-05,4.043613793063687305e-05,7.490937833790357859e-05,2.761167894073777469e-05,1.353245346773900607e-05,9.180389723663919487e-05,5.698893069285693977e-05,8.952425595780015349e-05
